Custom_Account,JPM_Account,Statement_Date,Currency,Opening_Balance,Commission,Option_Premium,Journal_Items,Gross_Realised_Profit_Loss,Closing_Balance,Open_Trade_Equity,Total_Equity,Net_Market_Value_of_Options,Initial_Margin_Requirement,Maintenance_Margin_Requirement,Margin_Value_Securities,AFR_Excess_Cash_Equity,Net_Liquidating_Value,Conversion_Rate,Conv_Net_Liquidating_Value,account_type,custom_account_name,japanese_initial_requirement,jpm_account_name,Stmnt_Recap_Cat_Description,transaction_source_type,Pending Cash Total,Pending Trade Date Balance,Pending Incremental EXC/DEF
31913,31913,2-Jan-20,{Conv Tot},-46585249.54,0,0,0,-63300,-46648549.54,-18500,-46667049.54,0,379937,379937,0,-47046986.54,-46667049.54,1,-46667049.54,Converted Total,PETROCHINA INTL (HK) CORP LTD,0,PETROCHINA INTL (HK) CORP LTD,** COMPUTED TOTAL **,FINAL,0,-46667049.54,-47046986.54
31913,31913,2-Jan-20,USD,3884.5,0,0,0,0,3884.5,0,3884.5,0,0,0,0,3884.5,3884.5,1,3884.5,USD               NS,PETROCHINA INTL (HK) CORP LTD,0,PETROCHINA INTL (HK) CORP LTD,*US$ NON-US EXCHANGES*,FINAL,0,3884.5,3884.5
31913,31913,2-Jan-20,USD,-46589134.04,0,0,0,-63300,-46652434.04,-18500,-46670934.04,0,379937,379937,0,-47050871.04,-46670934.04,1,-46670934.04,USD               SG,PETROCHINA INTL (HK) CORP LTD,0,PETROCHINA INTL (HK) CORP LTD,**US$ US EXCHANGES**,FINAL,0,-46670934.04,-47050871.04
31914,31914,2-Jan-20,{Conv Tot},-36929587.9,-1664.73,0,0,-831177,-37762429.63,-7427279,-45189708.63,0,17509921,17509921,0,-62699629.63,-45189708.63,1,-45189708.63,Converted Total,PETROCHINA INTL (HK) CORP LTD,0,PETROCHINA INTL (HK) CORP LTD,** COMPUTED TOTAL **,FINAL,0,-45189708.63,-62699629.63
31914,31914,2-Jan-20,USD,-941.6,0,0,0,0,-941.6,0,-941.6,0,0,0,0,-941.6,-941.6,1,-941.6,NON-SEGREGATED USD,PETROCHINA INTL (HK) CORP LTD,0,PETROCHINA INTL (HK) CORP LTD,*US$ NON-US EXCHANGES*,FINAL,0,-941.6,-941.6
31914,31914,2-Jan-20,USD,-36928646.3,-1664.73,0,0,-831177,-37761488.03,-7427279,-45188767.03,0,17509921,17509921,0,-62698688.03,-45188767.03,1,-45188767.03,USD               SG,PETROCHINA INTL (HK) CORP LTD,0,PETROCHINA INTL (HK) CORP LTD,**US$ US EXCHANGES**,FINAL,0,-45188767.03,-62698688.03
31915,31915,2-Jan-20,{Conv Tot},17307135.85,0,0,0,0,17307135.85,597774,17904909.85,0,15622,15622,0,17889287.85,17904909.85,1,17904909.85,Converted Total,PETROCHINA INTL (HK) CORP LTD,0,PETROCHINA INTL (HK) CORP LTD,** COMPUTED TOTAL **,FINAL,0,17904909.85,17889287.85
31915,31915,2-Jan-20,USD,17307135.85,0,0,0,0,17307135.85,597774,17904909.85,0,15622,15622,0,17889287.85,17904909.85,1,17904909.85,USD               SG,PETROCHINA INTL (HK) CORP LTD,0,PETROCHINA INTL (HK) CORP LTD,**US$ US EXCHANGES**,FINAL,0,17904909.85,17889287.85
31916,31916,2-Jan-20,{Conv Tot},-103356186.3,-2472.42,0,0,-47543269.94,-150901928.6,783882.91,-150118045.7,0,22196567,22196567,0,-172314612.7,-150118045.7,1,-150118045.7,Converted Total,PETROCHINA INTL (HK) CORP LTD,0,PETROCHINA INTL (HK) CORP LTD,** COMPUTED TOTAL **,FINAL,0,-150118045.7,-172314612.7
31916,31916,2-Jan-20,USD,-103356186.3,-2472.42,0,0,-47543269.94,-150901928.6,783882.91,-150118045.7,0,22196567,22196567,0,-172314612.7,-150118045.7,1,-150118045.7,USD               SG,PETROCHINA INTL (HK) CORP LTD,0,PETROCHINA INTL (HK) CORP LTD,**US$ US EXCHANGES**,FINAL,0,-150118045.7,-172314612.7
31918,31918,2-Jan-20,{Conv Tot},-1552002.6,0,0,0,0,-1552002.6,0,-1552002.6,0,0,0,0,-1552002.6,-1552002.6,1,-1552002.6,Converted Total,PETROCHINA INTL (HK) CORP LTD,0,PETROCHINA INTL (HK) CORP LTD,** COMPUTED TOTAL **,FINAL,0,-1552002.6,-1552002.6
31918,31918,2-Jan-20,USD,-1552002.6,0,0,0,0,-1552002.6,0,-1552002.6,0,0,0,0,-1552002.6,-1552002.6,1,-1552002.6,USD               SG,PETROCHINA INTL (HK) CORP LTD,0,PETROCHINA INTL (HK) CORP LTD,**US$ US EXCHANGES**,FINAL,0,-1552002.6,-1552002.6
31919,31919,2-Jan-20,{Conv Tot},-121752.19,0,0,0,0,-121752.19,82550,-39202.19,0,0,0,0,-39202.19,-39202.19,1,-39202.19,Converted Total,PETROCHINA INTL (HK) CORP LTD,0,PETROCHINA INTL (HK) CORP LTD,** COMPUTED TOTAL **,FINAL,0,-39202.19,-39202.19
31919,31919,2-Jan-20,USD,-121752.19,0,0,0,0,-121752.19,82550,-39202.19,0,0,0,0,-39202.19,-39202.19,1,-39202.19,USD               SG,PETROCHINA INTL (HK) CORP LTD,0,PETROCHINA INTL (HK) CORP LTD,**US$ US EXCHANGES**,FINAL,0,-39202.19,-39202.19
31921,31921,2-Jan-20,{Conv Tot},-4794411.07,0,0,0,0,-4794411.07,-176350,-4970761.07,0,427970,427970,0,-5398731.07,-4970761.07,1,-4970761.07,Converted Total,PETROCHINA INTL (HK) CORP LTD,0,PETROCHINA INTL (HK) CORP LTD,** COMPUTED TOTAL **,FINAL,0,-4970761.07,-5398731.07
31921,31921,2-Jan-20,USD,-4794411.07,0,0,0,0,-4794411.07,-176350,-4970761.07,0,427970,427970,0,-5398731.07,-4970761.07,1,-4970761.07,USD               SG,PETROCHINA INTL (HK) CORP LTD,0,PETROCHINA INTL (HK) CORP LTD,**US$ US EXCHANGES**,FINAL,0,-4970761.07,-5398731.07
31922,31922,2-Jan-20,{Conv Tot},-244164526.9,0,0,0,0,-244164526.9,0,-244164526.9,0,0,0,0,-244164526.9,-244164526.9,1,-244164526.9,Converted Total,CHINAOIL (HK) CORPORATION LTD,0,CHINAOIL (HK) CORPORATION LTD,** COMPUTED TOTAL **,FINAL,0,-244164526.9,-244164526.9
31922,31922,2-Jan-20,USD,-244164526.9,0,0,0,0,-244164526.9,0,-244164526.9,0,0,0,0,-244164526.9,-244164526.9,1,-244164526.9,USD               SG,CHINAOIL (HK) CORPORATION LTD,0,CHINAOIL (HK) CORPORATION LTD,**US$ US EXCHANGES**,FINAL,0,-244164526.9,-244164526.9
3192C,3192C,2-Jan-20,{Conv Tot},17028341.66,0,0,-7990458.21,0,9037883.45,0,9037883.45,0,0,0,0,9037883.45,9037883.45,1,9037883.45,Converted Total,PETROCHINA INTL (HK) CORP LTD,0,PETROCHINA INTL (HK) CORP LTD,** COMPUTED TOTAL **,FINAL,0,9037883.45,9037883.45
3192C,3192C,2-Jan-20,USD,17028341.66,0,0,-7990458.21,0,9037883.45,0,9037883.45,0,0,0,0,9037883.45,9037883.45,1,9037883.45,USD               SG,PETROCHINA INTL (HK) CORP LTD,0,PETROCHINA INTL (HK) CORP LTD,**US$ US EXCHANGES**,FINAL,0,9037883.45,9037883.45
31930,31930,2-Jan-20,{Conv Tot},14275402.12,-589.33,0,0,688318.5,14963131.29,-11841559.75,3121571.54,0,11090238,11090238,0,-7968666.46,3121571.54,1,3121571.54,Converted Total,PETROCHINA INTL (SG) PTE LTD,0,PETROCHINA INTL (SG) PTE LTD,** COMPUTED TOTAL **,FINAL,0,3121571.54,-7968666.46
31930,31930,2-Jan-20,USD,511151,0,0,0,0,511151,0,511151,0,0,0,0,511151,511151,1,511151,USD               NS,PETROCHINA INTL (SG) PTE LTD,0,PETROCHINA INTL (SG) PTE LTD,*US$ NON-US EXCHANGES*,FINAL,0,511151,511151
31930,31930,2-Jan-20,USD,13764251.12,-589.33,0,0,688318.5,14451980.29,-11841559.75,2610420.54,0,11090238,11090238,0,-8479817.46,2610420.54,1,2610420.54,USD               SG,PETROCHINA INTL (SG) PTE LTD,0,PETROCHINA INTL (SG) PTE LTD,**US$ US EXCHANGES**,FINAL,0,2610420.54,-8479817.46
31931,31931,2-Jan-20,{Conv Tot},-26291380.98,-116.5,0,0,-106530,-26398027.48,-796350.5,-27194377.98,0,2673304,2673304,0,-29867681.98,-27194377.98,1,-27194377.98,Converted Total,PETROCHINA INTL (SG) PTE LTD,0,PETROCHINA INTL (SG) PTE LTD,** COMPUTED TOTAL **,FINAL,0,-27194377.98,-29867681.98
31931,31931,2-Jan-20,GBP,-23.63,0,0,0,0,-23.63,0,-23.63,0,0,0,0,-23.63,-23.63,1.31875,-31.16,BRITISH POUNDS-LIFFE,PETROCHINA INTL (SG) PTE LTD,0,PETROCHINA INTL (SG) PTE LTD,** BRITISH POUNDS **,FINAL,0,-23.63,-23.63
31931,31931,2-Jan-20,USD,-26291349.82,-116.5,0,0,-106530,-26397996.32,-796350.5,-27194346.82,0,2673304,2673304,0,-29867650.82,-27194346.82,1,-27194346.82,USD               SG,PETROCHINA INTL (SG) PTE LTD,0,PETROCHINA INTL (SG) PTE LTD,**US$ US EXCHANGES**,FINAL,0,-27194346.82,-29867650.82
31932,31932,2-Jan-20,{Conv Tot},9564098.35,0,0,0,-5750,9558348.35,-296425,9261923.35,0,134868,134868,0,9127055.35,9261923.35,1,9261923.35,Converted Total,PETROCHINA INTL (SG) PTE LTD,0,PETROCHINA INTL (SG) PTE LTD,** COMPUTED TOTAL **,FINAL,0,9261923.35,9127055.35
31932,31932,2-Jan-20,USD,9564098.35,0,0,0,-5750,9558348.35,-296425,9261923.35,0,134868,134868,0,9127055.35,9261923.35,1,9261923.35,USD               SG,PETROCHINA INTL (SG) PTE LTD,0,PETROCHINA INTL (SG) PTE LTD,**US$ US EXCHANGES**,FINAL,0,9261923.35,9127055.35
31933,31933,2-Jan-20,{Conv Tot},-15425801.51,-206.95,0,0,1211150,-14214858.46,1613456,-12601402.46,0,1778590,1778590,0,-14379992.46,-12601402.46,1,-12601402.46,Converted Total,PETROCHINA INTL (SG) PTE LTD,0,PETROCHINA INTL (SG) PTE LTD,** COMPUTED TOTAL **,FINAL,0,-12601402.46,-14379992.46
31933,31933,2-Jan-20,USD,-15425801.51,-206.95,0,0,1211150,-14214858.46,1613456,-12601402.46,0,1778590,1778590,0,-14379992.46,-12601402.46,1,-12601402.46,USD               SG,PETROCHINA INTL (SG) PTE LTD,0,PETROCHINA INTL (SG) PTE LTD,**US$ US EXCHANGES**,FINAL,0,-12601402.46,-14379992.46
31934,31934,2-Jan-20,{Conv Tot},-397987.02,0,0,0,0,-397987.02,0,-397987.02,0,0,0,0,-397987.02,-397987.02,1,-397987.02,Converted Total,PETROCHINA INTL (SG) PTE LTD,0,PETROCHINA INTL (SG) PTE LTD,** COMPUTED TOTAL **,FINAL,0,-397987.02,-397987.02
31934,31934,2-Jan-20,USD,-397987.02,0,0,0,0,-397987.02,0,-397987.02,0,0,0,0,-397987.02,-397987.02,1,-397987.02,USD               SG,PETROCHINA INTL (SG) PTE LTD,0,PETROCHINA INTL (SG) PTE LTD,**US$ US EXCHANGES**,FINAL,0,-397987.02,-397987.02
3193C,3193C,2-Jan-20,{Conv Tot},241229168,0,0,30493.57,0,241259661.6,0,241259661.6,0,0,0,0,241259661.6,241259661.6,1,241259661.6,Converted Total,PETROCHINA INTL (HK) CORP LTD,0,PETROCHINA INTL (HK) CORP LTD,** COMPUTED TOTAL **,FINAL,0,241259661.6,241259661.6
3193C,3193C,2-Jan-20,USD,241229168,0,0,30493.57,0,241259661.6,0,241259661.6,0,0,0,0,241259661.6,241259661.6,1,241259661.6,USD               SG,PETROCHINA INTL (HK) CORP LTD,0,PETROCHINA INTL (HK) CORP LTD,**US$ US EXCHANGES**,FINAL,0,241259661.6,241259661.6
31958,31958,2-Jan-20,{Conv Tot},516018.4,0,0,0,0,516018.4,0,516018.4,0,0,0,0,516018.4,516018.4,1,516018.4,Converted Total,PETROCHINA INTL (SG) PTE LTD,0,PETROCHINA INTL (SG) PTE LTD,** COMPUTED TOTAL **,FINAL,0,516018.4,516018.4
31958,31958,2-Jan-20,USD,516018.4,0,0,0,0,516018.4,0,516018.4,0,0,0,0,516018.4,516018.4,1,516018.4,USD               SG,PETROCHINA INTL (SG) PTE LTD,0,PETROCHINA INTL (SG) PTE LTD,**US$ US EXCHANGES**,FINAL,0,516018.4,516018.4
3195C,3195C,2-Jan-20,{Conv Tot},244164526.9,0,0,2.42,0,244164529.3,0,244164529.3,0,0,0,0,244164529.3,244164529.3,1,244164529.3,Converted Total,CHINAOIL (HK) CORPORATION LTD,0,CHINAOIL (HK) CORPORATION LTD,** COMPUTED TOTAL **,FINAL,0,244164529.3,244164529.3
3195C,3195C,2-Jan-20,USD,244164526.9,0,0,2.42,0,244164529.3,0,244164529.3,0,0,0,0,244164529.3,244164529.3,1,244164529.3,USD               SG,CHINAOIL (HK) CORPORATION LTD,0,CHINAOIL (HK) CORPORATION LTD,**US$ US EXCHANGES**,FINAL,0,244164529.3,244164529.3
3198C,3198C,2-Jan-20,{Conv Tot},48901065.16,0,0,28246.31,0,48929311.47,0,48929311.47,0,0,0,0,48929311.47,48929311.47,1,48929311.47,Converted Total,PETROCHINA INTL (SG) PTE LTD,0,PETROCHINA INTL (SG) PTE LTD,** COMPUTED TOTAL **,FINAL,0,48929311.47,48929311.47
3198C,3198C,2-Jan-20,USD,48901065.16,0,0,28246.31,0,48929311.47,0,48929311.47,0,0,0,0,48929311.47,48929311.47,1,48929311.47,USD               SG,PETROCHINA INTL (SG) PTE LTD,0,PETROCHINA INTL (SG) PTE LTD,**US$ US EXCHANGES**,FINAL,0,48929311.47,48929311.47
32017,32017,2-Jan-20,{Conv Tot},1659008.55,-329.88,0,0,-469925,1188753.67,2543744.5,3732498.17,0,1846529,1846529,0,1885969.17,3732498.17,1,3732498.17,Converted Total,PETROCHINA INTL (SG) PTE LTD,0,PETROCHINA INTL (SG) PTE LTD,** COMPUTED TOTAL **,FINAL,0,3732498.17,1885969.17
32017,32017,2-Jan-20,USD,1659008.55,-329.88,0,0,-469925,1188753.67,2543744.5,3732498.17,0,1846529,1846529,0,1885969.17,3732498.17,1,3732498.17,USD               SG,PETROCHINA INTL (SG) PTE LTD,0,PETROCHINA INTL (SG) PTE LTD,**US$ US EXCHANGES**,FINAL,0,3732498.17,1885969.17
39360,39360,2-Jan-20,{Conv Tot},8022667.3,0,0,0,-2089500,5933167.3,-149264,5783903.3,0,1350656,1350656,0,4433247.3,5783903.3,1,5783903.3,Converted Total,PETROCHINA INTL (HK) CORP LTD,0,PETROCHINA INTL (HK) CORP LTD,** COMPUTED TOTAL **,FINAL,0,5783903.3,4433247.3
39360,39360,2-Jan-20,USD,8022667.3,0,0,0,-2089500,5933167.3,-149264,5783903.3,0,1350656,1350656,0,4433247.3,5783903.3,1,5783903.3,USD               SG,PETROCHINA INTL (HK) CORP LTD,0,PETROCHINA INTL (HK) CORP LTD,**US$ US EXCHANGES**,FINAL,0,5783903.3,4433247.3
39361,39361,2-Jan-20,{Conv Tot},2143755.81,0,0,0,0,2143755.81,4053941.88,6197697.69,0,110035,110035,0,6087662.69,6197697.69,1,6197697.69,Converted Total,PETROCHINA INTL (HK) CORP LTD,0,PETROCHINA INTL (HK) CORP LTD,** COMPUTED TOTAL **,FINAL,0,6197697.69,6087662.69
39361,39361,2-Jan-20,USD,2143755.81,0,0,0,0,2143755.81,4053941.88,6197697.69,0,110035,110035,0,6087662.69,6197697.69,1,6197697.69,USD               SG,PETROCHINA INTL (HK) CORP LTD,0,PETROCHINA INTL (HK) CORP LTD,**US$ US EXCHANGES**,FINAL,0,6197697.69,6087662.69
39370,39370,2-Jan-20,{Conv Tot},55860.5,0,0,0,0,55860.5,0,55860.5,0,0,0,0,55860.5,55860.5,1,55860.5,Converted Total,PETROCHINA INTL (SG) PTE LTD,0,PETROCHINA INTL (SG) PTE LTD,** COMPUTED TOTAL **,FINAL,0,55860.5,55860.5
39370,39370,2-Jan-20,USD,55860.5,0,0,0,0,55860.5,0,55860.5,0,0,0,0,55860.5,55860.5,1,55860.5,USD               SG,PETROCHINA INTL (SG) PTE LTD,0,PETROCHINA INTL (SG) PTE LTD,**US$ US EXCHANGES**,FINAL,0,55860.5,55860.5
4298C,4298C,2-Jan-20,{Conv Tot},13118998.88,0,0,12361.19,0,13131360.07,0,13131360.07,0,0,0,0,13131360.07,13131360.07,1,13131360.07,Converted Total,PETROCHINA INTERNATIONAL,0,PETROCHINA INTERNATIONAL,** COMPUTED TOTAL **,FINAL,0,13131360.07,13131360.07
4298C,4298C,2-Jan-20,EUR,-0.19,0,0,0,0,-0.19,0,-0.19,0,0,0,0,-0.19,-0.19,1.1201,-0.21,NON-SEG EURO,PETROCHINA INTERNATIONAL,0,PETROCHINA INTERNATIONAL,* 30.7 SECURED EUR *,FINAL,0,-0.19,-0.19
4298C,4298C,2-Jan-20,USD,-1.82,0,0,12361.19,0,12359.37,0,12359.37,0,0,0,0,12359.37,12359.37,1,12359.37,NON-SEGREGATED USD,PETROCHINA INTERNATIONAL,0,PETROCHINA INTERNATIONAL,* 30.7 SECURED USD *,FINAL,0,12359.37,12359.37
4298C,4298C,2-Jan-20,USD,13119000.88,0,0,0,0,13119000.88,0,13119000.88,0,0,0,0,13119000.88,13119000.88,1,13119000.88,SEGREGATED - USD,PETROCHINA INTERNATIONAL,0,PETROCHINA INTERNATIONAL,** US SEG USD **,FINAL,0,13119000.88,13119000.88
4298C,4298C,2-Jan-20,ZAR,0.47,0,0,0,0,0.47,0,0.47,0,0,0,0,0.47,0.47,0.07115411,0.03,SOUTH AFRICAN RAND,PETROCHINA INTERNATIONAL,0,PETROCHINA INTERNATIONAL,* 30.7 SECURED ZAR *,FINAL,0,0.47,0.47
4A084,4A084,2-Jan-20,{Conv Tot},247,0,0,0,0,247,0,247,0,0,0,0,247,247,1,247,Converted Total,PETROCHINA INTERNATIONAL,0,PETROCHINA INTERNATIONAL,** COMPUTED TOTAL **,FINAL,0,247,247
4A084,4A084,2-Jan-20,USD,247,0,0,0,0,247,0,247,0,0,0,0,247,247,1,247,SEGREGATED - USD,PETROCHINA INTERNATIONAL,0,PETROCHINA INTERNATIONAL,** US SEG USD **,FINAL,0,247,247
4A088,4A088,2-Jan-20,{Conv Tot},-3578908.35,-65.53,0,0,0,-3578973.88,-1134702.59,-4713676.47,0,5925450,5925450,0,-10639126.47,-4713676.47,1,-4713676.47,Converted Total,PETROCHINA INTERNATIONAL,0,PETROCHINA INTERNATIONAL,** COMPUTED TOTAL **,FINAL,0,-4713676.47,-10639126.47
4A088,4A088,2-Jan-20,USD,-3578908.35,-65.53,0,0,0,-3578973.88,-1134702.59,-4713676.47,0,5925450,5925450,0,-10639126.47,-4713676.47,1,-4713676.47,SEGREGATED - USD,PETROCHINA INTERNATIONAL,0,PETROCHINA INTERNATIONAL,** US SEG USD **,FINAL,0,-4713676.47,-10639126.47
4A770,4A770,2-Jan-20,{Conv Tot},-823348.38,-4304.62,0,0,4610,-823043,4415424.5,3592381.5,659500,5009506,5009506,0,-1417124.5,4251881.5,1,4251881.5,Converted Total,PETROCHINA INTL (AMERICA) INC.,0,PETROCHINA INTL (AMERICA) INC.,** COMPUTED TOTAL **,FINAL,0,3592381.5,-1417124.5
4A770,4A770,2-Jan-20,USD,2,0,0,0,0,2,0,2,0,0,0,0,2,2,1,2,NON-SEGREGATED USD,PETROCHINA INTL (AMERICA) INC.,0,PETROCHINA INTL (AMERICA) INC.,* 30.7 SECURED USD *,FINAL,0,2,2
4A770,4A770,2-Jan-20,USD,-823350.38,-4304.62,0,0,4610,-823045,4415424.5,3592379.5,659500,5009506,5009506,0,-1417126.5,4251879.5,1,4251879.5,SEGREGATED - USD,PETROCHINA INTL (AMERICA) INC.,0,PETROCHINA INTL (AMERICA) INC.,** US SEG USD **,FINAL,0,3592379.5,-1417126.5
4A771,4A771,2-Jan-20,{Conv Tot},60568.12,0,0,0,0,60568.12,0,60568.12,0,0,0,0,60568.12,60568.12,1,60568.12,Converted Total,PETROCHINA INTL (AMERICA) INC.,0,PETROCHINA INTL (AMERICA) INC.,** COMPUTED TOTAL **,FINAL,0,60568.12,60568.12
4A771,4A771,2-Jan-20,USD,60568.12,0,0,0,0,60568.12,0,60568.12,0,0,0,0,60568.12,60568.12,1,60568.12,SEGREGATED - USD,PETROCHINA INTL (AMERICA) INC.,0,PETROCHINA INTL (AMERICA) INC.,** US SEG USD **,FINAL,0,60568.12,60568.12
4A772,4A772,2-Jan-20,{Conv Tot},294.63,0,0,0,0,294.63,0,294.63,0,0,0,0,294.63,294.63,1,294.63,Converted Total,PETROCHINA INTL (AMERICA) INC.,0,PETROCHINA INTL (AMERICA) INC.,** COMPUTED TOTAL **,FINAL,0,294.63,294.63
4A772,4A772,2-Jan-20,USD,294.63,0,0,0,0,294.63,0,294.63,0,0,0,0,294.63,294.63,1,294.63,SEGREGATED - USD,PETROCHINA INTL (AMERICA) INC.,0,PETROCHINA INTL (AMERICA) INC.,** US SEG USD **,FINAL,0,294.63,294.63
4B318,4B318,2-Jan-20,{Conv Tot},-165345419.8,-1859.04,0,0,182912.5,-165164366.3,-1657918.5,-166822284.8,0,4399309,4399309,0,-171221593.8,-166822284.8,1,-166822284.8,Converted Total,PETROCHINA INTERNATIONAL,0,PETROCHINA INTERNATIONAL,** COMPUTED TOTAL **,FINAL,0,-166822284.8,-171221593.8
4B318,4B318,2-Jan-20,USD,-1501474.18,0,0,0,0,-1501474.18,0,-1501474.18,0,0,0,0,-1501474.18,-1501474.18,1,-1501474.18,NON-SEGREGATED USD,PETROCHINA INTERNATIONAL,0,PETROCHINA INTERNATIONAL,* 30.7 SECURED USD *,FINAL,0,-1501474.18,-1501474.18
4B318,4B318,2-Jan-20,USD,-163843945.6,-1859.04,0,0,182912.5,-163662892.2,-1657918.5,-165320810.7,0,4399309,4399309,0,-169720119.7,-165320810.7,1,-165320810.7,SEGREGATED - USD,PETROCHINA INTERNATIONAL,0,PETROCHINA INTERNATIONAL,** US SEG USD **,FINAL,0,-165320810.7,-169720119.7
4B443,4B443,2-Jan-20,{Conv Tot},2110616.07,-224.2,0,0,-3110,2107281.87,-4778609,-2671327.13,223000,6863491,6863491,0,-9534818.13,-2448327.13,1,-2448327.13,Converted Total,PETROCHINA INTERNATIONAL,0,PETROCHINA INTERNATIONAL,** COMPUTED TOTAL **,FINAL,0,-2671327.13,-9534818.13
4B443,4B443,2-Jan-20,USD,2110616.07,-224.2,0,0,-3110,2107281.87,-4778609,-2671327.13,223000,6863491,6863491,0,-9534818.13,-2448327.13,1,-2448327.13,SEGREGATED - USD,PETROCHINA INTERNATIONAL,0,PETROCHINA INTERNATIONAL,** US SEG USD **,FINAL,0,-2671327.13,-9534818.13
4B459,4B459,2-Jan-20,{Conv Tot},-5044801.28,0,0,0,0,-5044801.28,130600,-4914201.28,0,64800,64800,0,-4979001.28,-4914201.28,1,-4914201.28,Converted Total,PETROCHINA INTERNATIONAL,0,PETROCHINA INTERNATIONAL,** COMPUTED TOTAL **,FINAL,0,-4914201.28,-4979001.28
4B459,4B459,2-Jan-20,USD,-5044801.28,0,0,0,0,-5044801.28,130600,-4914201.28,0,64800,64800,0,-4979001.28,-4914201.28,1,-4914201.28,SEGREGATED - USD,PETROCHINA INTERNATIONAL,0,PETROCHINA INTERNATIONAL,** US SEG USD **,FINAL,0,-4914201.28,-4979001.28
4B460,4B460,2-Jan-20,{Conv Tot},-2434144.52,0,0,0,0,-2434144.52,0,-2434144.52,0,0,0,0,-2434144.52,-2434144.52,1,-2434144.52,Converted Total,PETROCHINA INTERNATIONAL,0,PETROCHINA INTERNATIONAL,** COMPUTED TOTAL **,FINAL,0,-2434144.52,-2434144.52
4B460,4B460,2-Jan-20,USD,-2434144.52,0,0,0,0,-2434144.52,0,-2434144.52,0,0,0,0,-2434144.52,-2434144.52,1,-2434144.52,SEGREGATED - USD,PETROCHINA INTERNATIONAL,0,PETROCHINA INTERNATIONAL,** US SEG USD **,FINAL,0,-2434144.52,-2434144.52
4C241,4C241,2-Jan-20,{Conv Tot},187788699.3,0,0,10660.5,0,187799359.8,0,187799359.8,0,0,0,0,187799359.8,187799359.8,1,187799359.8,Converted Total,PETROCHINA INTERNATIONAL,0,PETROCHINA INTERNATIONAL,** COMPUTED TOTAL **,FINAL,0,187799359.8,187799359.8
4C241,4C241,2-Jan-20,USD,1501474.18,0,0,10660.5,0,1512134.68,0,1512134.68,0,0,0,0,1512134.68,1512134.68,1,1512134.68,NON-SEGREGATED USD,PETROCHINA INTERNATIONAL,0,PETROCHINA INTERNATIONAL,* 30.7 SECURED USD *,FINAL,0,1512134.68,1512134.68
4C241,4C241,2-Jan-20,USD,186287225.1,0,0,0,0,186287225.1,0,186287225.1,0,0,0,0,186287225.1,186287225.1,1,186287225.1,SEGREGATED - USD,PETROCHINA INTERNATIONAL,0,PETROCHINA INTERNATIONAL,** US SEG USD **,FINAL,0,186287225.1,186287225.1
71304,71304,2-Jan-20,{Conv Tot},2402059.1,0,0,0,0,2402059.1,854400.01,3256459.11,0,0,0,0,3256459.11,3256459.11,1,3256459.11,Converted Total,PETROCHINA INTL (HK) CORP LTD,0,PETROCHINA INTL (HK) CORP LTD,** COMPUTED TOTAL **,FINAL,0,3256459.11,3256459.11
71304,71304,2-Jan-20,USD,2402059.1,0,0,0,0,2402059.1,854400.01,3256459.11,0,0,0,0,3256459.11,3256459.11,1,3256459.11,USD               SG,PETROCHINA INTL (HK) CORP LTD,0,PETROCHINA INTL (HK) CORP LTD,**US$ US EXCHANGES**,FINAL,0,3256459.11,3256459.11
C1922,C1922,2-Jan-20,{Conv Tot},0,0,0,0,0,2.42,0,2.42,0,0,0,0,2.42,2.42,1,2.42,Converted Total,CHINAOIL (HK) CORPORATION LTD,0,CHINAOIL (HK) CORPORATION LTD,** COMPUTED TOTAL **,FINAL,0,2.42,2.42
C1922,C1922,2-Jan-20,USD,0,0,0,0,0,2.42,0,2.42,0,0,0,0,2.42,2.42,1,2.42,USD               SG,CHINAOIL (HK) CORPORATION LTD,0,CHINAOIL (HK) CORPORATION LTD,**US$ US EXCHANGES**,FINAL,0,2.42,2.42
C1930,C1930,2-Jan-20,{Conv Tot},32856283.57,0,0,0,0,34200550.72,-8777134.75,25423415.97,0,14039681,14039681,0,11383734.97,25423415.97,1,25423415.97,Converted Total,PETROCHINA INTL (SG) PTE LTD,0,PETROCHINA INTL (SG) PTE LTD,** COMPUTED TOTAL **,FINAL,0,25423415.97,11383734.97
C1930,C1930,2-Jan-20,GBP,-23.63,0,0,0,0,-23.63,0,-23.63,0,0,0,0,-23.63,-23.63,1.31875,-31.16,BRITISH POUNDS-LIFFE,PETROCHINA INTL (SG) PTE LTD,0,PETROCHINA INTL (SG) PTE LTD,** BRITISH POUNDS **,FINAL,0,-23.63,-23.63
C1930,C1930,2-Jan-20,USD,511151,0,0,0,0,511151,0,511151,0,0,0,0,511151,511151,1,511151,USD               NS,PETROCHINA INTL (SG) PTE LTD,0,PETROCHINA INTL (SG) PTE LTD,*US$ NON-US EXCHANGES*,FINAL,0,511151,511151
C1930,C1930,2-Jan-20,USD,32345163.73,0,0,0,0,33689430.88,-8777134.75,24912296.13,0,14039681,14039681,0,10872615.13,24912296.13,1,24912296.13,USD               SG,PETROCHINA INTL (SG) PTE LTD,0,PETROCHINA INTL (SG) PTE LTD,**US$ US EXCHANGES**,FINAL,0,24912296.13,10872615.13
D2982,D2982,2-Jan-20,{Conv Tot},8777851.9,0,0,0,0,8790452.94,3280721.91,12071174.85,659500,10934956,10934956,0,1136218.85,12730674.85,1,12730674.85,Converted Total,PETROCHINA INTERNATIONAL,0,PETROCHINA INTERNATIONAL,** COMPUTED TOTAL **,FINAL,0,12071174.85,1136218.85
D2982,D2982,2-Jan-20,EUR,-0.19,0,0,0,0,-0.19,0,-0.19,0,0,0,0,-0.19,-0.19,1.1201,-0.21,NON-SEG EURO,PETROCHINA INTERNATIONAL,0,PETROCHINA INTERNATIONAL,* 30.7 SECURED EUR *,FINAL,0,-0.19,-0.19
D2982,D2982,2-Jan-20,USD,0.18,0,0,0,0,12361.37,0,12361.37,0,0,0,0,12361.37,12361.37,1,12361.37,NON-SEGREGATED USD,PETROCHINA INTERNATIONAL,0,PETROCHINA INTERNATIONAL,* 30.7 SECURED USD *,FINAL,0,12361.37,12361.37
D2982,D2982,2-Jan-20,USD,8777851.9,0,0,0,0,8778091.75,3280721.91,12058813.66,659500,10934956,10934956,0,1123857.66,12718313.66,1,12718313.66,SEGREGATED - USD,PETROCHINA INTERNATIONAL,0,PETROCHINA INTERNATIONAL,** US SEG USD **,FINAL,0,12058813.66,1123857.66
D2982,D2982,2-Jan-20,ZAR,0.47,0,0,0,0,0.47,0,0.47,0,0,0,0,0.47,0.47,0.07115411,0.03,SOUTH AFRICAN RAND,PETROCHINA INTERNATIONAL,0,PETROCHINA INTERNATIONAL,* 30.7 SECURED ZAR *,FINAL,0,0.47,0.47
DB318,DB318,2-Jan-20,{Conv Tot},17074949.75,0,0,0,0,17263329.51,-6305927.5,10957402.01,223000,11137530,11137530,0,-180127.99,11180402.01,1,11180402.01,Converted Total,PETROCHINA INTERNATIONAL,0,PETROCHINA INTERNATIONAL,** COMPUTED TOTAL **,FINAL,0,10957402.01,-180127.99
DB318,DB318,2-Jan-20,USD,0,0,0,0,0,10660.5,0,10660.5,0,0,0,0,10660.5,10660.5,1,10660.5,NON-SEGREGATED USD,PETROCHINA INTERNATIONAL,0,PETROCHINA INTERNATIONAL,* 30.7 SECURED USD *,FINAL,0,10660.5,10660.5
DB318,DB318,2-Jan-20,USD,17074949.75,0,0,0,0,17252669.01,-6305927.5,10946741.51,223000,11137530,11137530,0,-190788.49,11169741.51,1,11169741.51,SEGREGATED - USD,PETROCHINA INTERNATIONAL,0,PETROCHINA INTERNATIONAL,** US SEG USD **,FINAL,0,10946741.51,-190788.49
Z1913,Z1913,2-Jan-20,{Conv Tot},94793900.77,0,0,0,0,36302552.04,-1398844.2,34903707.84,0,39073689,39073689,0,-4169981.16,34903707.84,1,34903707.84,Converted Total,PETROCHINA INTL (HK) CORP LTD,0,PETROCHINA INTL (HK) CORP LTD,** COMPUTED TOTAL **,FINAL,0,34903707.84,-4169981.16
Z1913,Z1913,2-Jan-20,USD,2942.9,0,0,0,0,2942.9,0,2942.9,0,0,0,0,2942.9,2942.9,1,2942.9,USD               NS,PETROCHINA INTL (HK) CORP LTD,0,PETROCHINA INTL (HK) CORP LTD,*US$ NON-US EXCHANGES*,FINAL,0,2942.9,2942.9
Z1913,Z1913,2-Jan-20,USD,94790957.87,0,0,0,0,36299609.14,-1398844.2,34900764.94,0,39073689,39073689,0,-4172924.06,34900764.94,1,34900764.94,USD               SG,PETROCHINA INTL (HK) CORP LTD,0,PETROCHINA INTL (HK) CORP LTD,**US$ US EXCHANGES**,FINAL,0,34900764.94,-4172924.06
